<?xml version="1.0" encoding="utf-8"?>
<!DOCTYPE template [
  <!ENTITY middot "&#183;">
  <!ENTITY minus "&#8722;">
  <!ENTITY deg "&#176;">
]> 

<!-- 
===================================================================================
Name: MONASSIS Template - XML File
Author: Leen Remmelzwaal
===================================================================================
--> 

<template>
	<tags>
		<tag>shortcode:ESBQ3</tag>   			<!-- From TEXTBOOK chapter-->
		<tag>subject:physics</tag> 		<!-- Mathematics/Physical Science -->
		<tag>grade:11</tag> 							<!-- 10/11/12 -->
		<tag>chapter:electromagnetism</tag>
		<tag>section:direction of induced current in a solenoid</tag>
		<tag>author:leen</tag>
		<tag>difficulty:easy</tag> 				<!-- easy/medium/hard -->
	</tags>

  <title>Emf induced in a solenoid</title>

  <logic language="text/python" href="main.py"/>

  <content>

		<!-- ======================================= -->
		<!-- Content -->
		<!-- ======================================= -->
		
		<para>Given the following solenoid in a magnetic field:</para>

		<para>
			<figure>
				<media>
					<type>text/asciisvg</type>
					<src>image_question.ascsvg</src>
					<width><valueof>400</valueof></width>
					<height><valueof>250</valueof></height>
				</media>
			</figure>
		</para>

		<para>Consider a solenoid<rawvalueof>text_N</rawvalueof> <rawvalueof>text_flux</rawvalueof> <rawvalueof>text_t</rawvalueof> <rawvalueof>text_emf</rawvalueof></para>
		
		<para><valueof>string_instruction</valueof> the <rawvalueof>text_unknown</rawvalueof> Write your answer correct to <rawvalueof>rounding[key_unknown]</rawvalueof>.</para>

		<!-- ======================================= -->
		<!-- Response -->
		<!-- ======================================= -->
		
		<response>
	
			<!-- =========================================================================================== -->
			<!-- Type (http://monassis.com/dev/doc/xml_reference.html#tag_response)--> 
			<!-- =========================================================================================== -->

			<!-- Numeric -->
			<type>
				<value>numeric.noerror</value>
			</type>

			<!-- =========================================================================================== -->
			<!-- Mark -->
			<!-- =========================================================================================== -->
	
			<marks>
				<value><valueof>total_marks</valueof></value>
			</marks>

			<!-- =========================================================================================== -->
			<!-- Correct Answer -->
			<!-- =========================================================================================== -->
	
			<!-- Python Variable -->
			<correct>
				<valueof>fn_clean_float(value[key_unknown],1)</valueof>
			</correct>

			<!-- =========================================================================================== -->
			<!-- Query String -->
			<!-- =========================================================================================== -->

			<query>
				<latex><rawvalueof>symbol[key_unknown]</rawvalueof>=</latex> <input/> <latex><unit><rawvalueof>unit[key_unknown]</rawvalueof></unit></latex>
			</query>
	
			<!-- =========================================================================================== -->
			<!-- Revealed Solution -->
			<!-- =========================================================================================== -->
	
			<solution>

				<!-- Step 1: Recall --> 

				<step marks="1">		

					<para>First, we can list the variables that we have:</para>

					<para>
						<latex display="block">
						\begin{aligned}
							<valueof>symbol['emf']</valueof> &amp; = <rawvalueof>latex_list['emf']</rawvalueof> \\
							<valueof>symbol['N']</valueof> &amp; = <rawvalueof>latex_list['N']</rawvalueof> \\
							<valueof>symbol['phi']</valueof> &amp; = <rawvalueof>latex_list['phi']</rawvalueof> \\
							<valueof>symbol['time']</valueof> &amp; = <rawvalueof>latex_list['time']</rawvalueof> \\
						\end{aligned}
						</latex>
					</para>

				</step>

				<!-- Step 2: Variables --> 

				<step>
					<marks><valueof>substitution_marks</valueof></marks>				

					<para>We now recall the formula for <emphasis>emf</emphasis> <latex><valueof>symbol['emf']</valueof></latex>:</para>

					<para>
						<latex display="block">
						\begin{aligned}
							<valueof>symbol['emf']</valueof> &amp; = - <valueof>symbol['N']</valueof> \left( \frac{<valueof>symbol['phi']</valueof>}{<valueof>symbol['time']</valueof>} \right) \\
						\end{aligned}
						</latex>
					</para>

					<para>Substituting into the equation:</para>

					<para>
						<latex display="block">
						\begin{aligned}
							<rawvalueof>latex_value['emf']</rawvalueof> &amp; = - (<rawvalueof>latex_value['N']</rawvalueof>) \left( \frac{<rawvalueof>latex_value['phi']</rawvalueof>}{<rawvalueof>latex_value['time']</rawvalueof>} \right) \\
						\end{aligned}
						</latex>
					</para>

					<para>
						<latex display="block">
						\begin{aligned}
							<rawvalueof>formula_value[key_unknown]</rawvalueof> \\
						\end{aligned}
						</latex>
					</para>

					<para>Solving we get:</para>

					<para>
						<latex display="block">
						\begin{aligned}
							<rawvalueof>symbol[key_unknown]</rawvalueof> &amp; = <unit_number><number><rawvalueof>fn_clean_float(value[key_unknown],1)</rawvalueof></number><unit><rawvalueof>unit[key_unknown]</rawvalueof></unit></unit_number>\\
						\end{aligned}
						</latex>
					</para>

				</step>

			</solution>

		</response>

	</content>

</template>
