<?xml version="1.0" encoding="utf-8"?>
<!DOCTYPE template [
  <!ENTITY middot "&#183;">
  <!ENTITY minus "&#8722;">
  <!ENTITY deg "&#176;">
]>

<!-- 
===================================================================================
Name: MONASSIS Template - XML File
Author: Leen Remmelzwaal
Date: 22nd October 2012	
===================================================================================
-->

<template>
	<tags>
		<tag>shortcode:EMBG9</tag>   			<!-- From TEXTBOOK chapter-->
		<tag>subject:mathematics</tag> 		<!-- Mathematics/Physical Science -->
		<tag>grade:11</tag> 							<!-- 10/11/12 -->
		<tag>chapter:analytical geometry</tag>
		<tag>section:equation of a line</tag>
		<tag>author:leen</tag>
		<tag>difficulty:basic</tag> 				<!-- easy/medium/hard -->
	</tags>

  <title>Calculating a point on a line</title>

  <logic language="text/python" href="main.py"/>

  <content>

		<!-- ======================================= -->
		<!-- Content -->
		<!-- ======================================= -->
		
		<para>You are given the following diagram of a straight line:</para>

		<para>
			<figure>
				<media>
					<type>text/asciisvg</type>
					<src>image.ascsvg</src>
					<width><valueof>400</valueof></width>
					<height><valueof>400</valueof></height>
				</media>
			</figure>
		</para>

		<para>You are also told that line <latex>AB</latex> has the following equation: <latex>y = <valueof>sympy_string</valueof></latex></para>

		<para><valueof>string_instruction</valueof> the <valueof>unknown_coord_name</valueof> of point <latex>B</latex>, correct to 2 decimal places.</para>

		<!-- ======================================= -->
		<!-- Response -->
		<!-- ======================================= -->
		
		<response>
	
			<!-- =========================================================================================== -->
			<!-- Type (http://monassis.com/dev/doc/xml_reference.html#tag_response)--> 
			<!-- =========================================================================================== -->

			<!-- Numeric -->
			<type>
				<value>numeric.noerror</value>
			</type>

			<!-- =========================================================================================== -->
			<!-- Mark -->
			<!-- =========================================================================================== -->
	
			<marks>
				<value>3</value>
			</marks>

			<!-- =========================================================================================== -->
			<!-- Correct Answer -->
			<!-- =========================================================================================== -->
	
			<!-- Python Variable -->
			<correct>
				<value><valueof>solution_value</valueof></value>
			</correct>

			<!-- =========================================================================================== -->
			<!-- Query String -->
			<!-- =========================================================================================== -->

			<query>
				Point <latex>B</latex> = (<rawvalueof>input_array[0]</rawvalueof>;<rawvalueof>input_array[1]</rawvalueof>)
			</query>
	
			<!-- =========================================================================================== -->
			<!-- Revealed Solution -->
			<!-- =========================================================================================== -->
	
			<solution>

				<!-- Equation of line -->

				<step marks="1">
		
					<para>First we recall the equation of the line:</para> 

					<para>
						<latex display="block">
							\begin{aligned}
								y &amp; = <valueof>sympy_string</valueof> \\
							\end{aligned}
						</latex>
					</para>

				</step>

				<!-- Substitution -->

				<step marks="1">
		
					<para>Now we substitute the <valueof>known_coord_name</valueof> for point <latex>B</latex> into the equation:</para> 

					<para>
						<latex display="block">
							\begin{aligned}
							 	y &amp; = (<number><valueof>float_m</valueof></number>)x <valueof>str_sign</valueof> <number><valueof>float_c</valueof></number> \\
								<rawvalueof>name_array[1]</rawvalueof> &amp; = (<number><valueof>float_m</valueof></number>)(<rawvalueof>name_array[0]</rawvalueof>) <valueof>str_sign</valueof> <number><valueof>float_c</valueof></number> \\
							\end{aligned}
						</latex>
					</para>

				</step>

				<!-- Solving -->

				<step marks="1">
		
					<para>Solving, we get:</para> 

					<para>
						<latex display="block">
							\begin{aligned}
								<valueof>solution_name</valueof> &amp; = <number><valueof>solution_value</valueof></number> \\
							\end{aligned}
						</latex>
					</para>

				</step>

			</solution>

		</response>

	</content>

</template>
