<?xml version="1.0" encoding="utf-8"?>
<!DOCTYPE template [
  <!ENTITY middot "&#183;">
  <!ENTITY minus "&#8722;">
  <!ENTITY deg "&#176;">
  <!ENTITY parallel "&#8741;">
]>
<!--
===================================================================================
Name: MONASSIS Template
Description: Grade 10, Number Patterns, Basic: focus on important words and concepts.
Author: Eric Gulbis 
Date: 18 Oct 2012
===================================================================================
-->

<template>
  <title>Area formulae for the basic shapes</title>
  <logic language="text/python" href="Shapes_and_Formulae.py"/>
  <tags>
    <tag>subject:mathematics</tag>

    <tag>grade:10</tag>
    <tag>shortcode:EMAEN</tag>
    <tag>chapter:measurement</tag>
    <tag>section:area of a polygon</tag>

    <tag>grade:11</tag>
    <tag>shortcode:EMBHV</tag>
    <tag>chapter:measurement</tag>
    <tag>section:area of a polygon</tag>

    <tag>difficulty:basic</tag>
    <tag>author:eric</tag>
  </tags>

  
  
  
  
  <content>
    <para>
      For each of the shapes <valueof>words1</valueof> below, identify the correct formula for the <emphasis effect = 'bold'>area</emphasis> of the shape.
    </para>
    
    <table border = '2' shade = 'lightgray'>
      <tr> <td style='vertical-align:middle;background:#DDD;'> <emphasis effect="bold">Shape A</emphasis> </td>  <td style='vertical-align:middle;background:#DDD;'>  <emphasis effect="bold">Shape B</emphasis>  </td>  </tr>
      <tr> <td style='vertical-align:middle'> <rawvalueof>presentationA</rawvalueof>  </td>  <td style='vertical-align:middle'>  <rawvalueof>presentationB</rawvalueof> </td>  </tr>
      
    </table>
    
    <table border="1">
          <tr> <td align='center' style='vertical-align:middle;background:#DDD;'> <emphasis effect="bold">Choice</emphasis> </td> <td style='vertical-align:middle;background:#DDD;'> <emphasis effect="bold">Area Formula</emphasis> </td> </tr>
	  <tr> <td align='center' style='vertical-align:middle;background:#DDD;'> 1 </td> <td> <latex>  A = <valueof>Formula[0]</valueof> </latex> </td> </tr>
          <tr> <td align='center' style='vertical-align:middle;background:#DDD;'> 2 </td> <td> <latex> A = <valueof>Formula[1]</valueof> </latex> </td> </tr>
          <tr> <td align='center' style='vertical-align:middle;background:#DDD;'> 3 </td> <td> <latex> A = <valueof>Formula[2]</valueof> </latex> </td> </tr>
          <tr> <td align='center' style='vertical-align:middle;background:#DDD;'> 4 </td> <td> <latex> A = <valueof>Formula[3]</valueof> </latex> </td> </tr>
	  <tr> <td align='center' style='vertical-align:middle;background:#DDD;'> 5 </td> <td> None of the above </td> </tr>
        </table>
    
    <response>
      <type>
        <value>choice.options(<valueof>Options</valueof>).ordered</value>
        <value>choice.options(<valueof>Options</valueof>).ordered</value>  		</type>
      <marks>		<value>1</value>	<value>1</value>			</marks>
      <correct>		<valueof>indexA</valueof>	<valueof>indexB</valueof>	</correct>
      <query>  	Shape A: <input/> <br/> <br/> <latex>\quad  \qquad \; </latex> Shape B: <input/>					</query>
      
      
      <solution>

		<hint marks = '0'>
		  Look in your textbook or follow this link to get to <link url="http://everythingmaths.co.za/grade-10/12-measurement/12-measurement-01.cnxmlplus#scEMAEN">a summary of the Area Formulae</link>.
		</hint>
      
        <step marks="2">
	  <para>Area is the surface of a shape or object that you can <emphasis effect="bold">cover</emphasis> or <emphasis effect="bold">paint</emphasis>.  The pictures below show the shapes in the question "painted" in a colour; the painted place is the area of the shape. </para>
	  
	  <table border = '1'> <tr> <td> <emphasis effect="bold">You need to memorise each of the area formulae!!</emphasis> </td> </tr> </table>
	  
	  <list list-type = 'bulleted'>
	    <item> <emphasis effect = 'bold'> <valueof>shapeA.capitalize()</valueof>:</emphasis> A <valueof>shapeA</valueof> looks like the picture below.  The correct formula for the area of a  <valueof>shapeA</valueof> is <latex> A_{<valueof>shapeA</valueof>} = <valueof>Formula[indexA]</valueof> </latex>. <valueof>explainA</valueof>
	    <figure> <media> <type>text/asciisvg</type> <src><valueof>"%s"%(shapeA)</valueof>_solution.ascsvg</src> <width>200px</width> <height>200px</height> </media> </figure>
	    </item>
	    
	    <item><emphasis effect = 'bold'> <valueof>shapeB.capitalize()</valueof>: </emphasis> A <valueof>shapeB</valueof> looks like the picture below.  The correct formula for the area of a  <valueof>shapeB</valueof> is <latex> A_{<valueof>shapeB</valueof>} =  <valueof>Formula[indexB]</valueof> </latex>. <valueof>explainB</valueof>
	    <figure> <media> <type>text/asciisvg</type> <src><valueof>"%s"%(shapeB)</valueof>_solution.ascsvg</src> <width>200px</width> <height>200px</height> </media> </figure>
	    
	    </item>
	  </list>
        </step>
	
	
      </solution>
    </response>
  </content>
</template>
