<?xml version="1.0" encoding="utf-8"?>
<!DOCTYPE template [
  <!ENTITY middot "&#183;">
  <!ENTITY minus "&#8722;">
  <!ENTITY deg "&#176;">
]>
<!--Carl help, this needs a fraction input for num and denom-->
<template>
  <tags>
    <tag>shortcode:EMAE</tag>
    <tag>shortcode:00bg</tag>
    <tag>subject:mathematics</tag>
    <tag>grade:10</tag>
    <tag>chapter:algebra</tag>
    <tag>section:converting recurring decimals into rational numbers</tag>
    <tag>difficulty:basic</tag>
  </tags>
  <title>Converting decimal numbers to fractions</title>
  <logic language="text/python" href="01algebra.py"/>
  <content>
    <para>
      Write <latex>\text{0,}\dot{<valueof>decimal</valueof>}</latex>
      in the form <latex>\frac{a}{b}</latex>
      (where <latex>a</latex> and <latex>b</latex> are integers that share no factors).  In other words, show that <latex>\text{0,}\dot{<valueof>decimal</valueof>}</latex> is a rational number.
    </para>
    <response>
      <type>
	<value>fraction</value>
      </type>
      <marks>
	<value>3</value>
      </marks>
      <correct>
	<value><valueof>ans</valueof></value>
      </correct>
      <query><input/></query>
      <solution>
	<para>  This question involves a rather "messy" number: <latex> \text{0,}\dot {<valueof> decimal </valueof>} </latex> is equal to <latex> <number>0.<valueof>str(decimal)*4</valueof></number> \ldots</latex>  it goes on forever!!  To answer this question, we will do something clever to tidy up that long (neverending) mess of decimals: we are going to multiply by <number>10</number>.  The reason is because <emphasis effect = 'bold'> there is a single decimal point repeating </emphasis>.  It turns out that if we multiply by <number>10</number> and then subtract as shown below, all of the decimals will cancel, which will tidy up that long decimal number.  </para>
	
	<para> First, let <latex>x = <number>0.<valueof>str(decimal)*4</valueof></number> \ldots</latex>
	  <br/> Next, multiply both sides of the equation above by <number>10</number> to get: <latex><number>10</number>x = <number><valueof>decimal</valueof>.<valueof>str(decimal)*4</valueof></number> \ldots</latex>
	</para>
	
	<para>
	  Now subtract the two equations.  Notice that when we do this, the repeating digits <emphasis effect = 'bold'> cancel each other</emphasis>, and we end up with an integer.
	  <latex display="block">
	    \begin{aligned}
	      <number>10</number>x &amp; = \; \; \; <number><valueof>decimal</valueof>.<valueof>str(decimal)*4</valueof></number> \ldots	\\
	      
	       - x &amp; = - <number>0.<valueof>str(decimal)*4</valueof></number> \ldots \\
	       
	       \hline 	\\
	      <number>9</number>x &amp; =  \; \; \; <number><valueof>decimal</valueof>.0000</number>\ldots \quad \longleftarrow \;  ^{\textrm{The decimal values all cancel,}}_{\textrm{leaving a nice, tidy integer!}}\\
	      <number>9</number>x &amp; =  \; \; \; <number><valueof>decimal</valueof></number>	\\
	      \therefore x &amp; = \frac{<number><valueof>num</valueof></number>}{<number><valueof>denom</valueof></number>} 
   	    \end{aligned}
  	  </latex>
	</para>
      </solution>
    </response>
  </content>
</template>
