<?xml version="1.0" encoding="utf-8"?>
<!DOCTYPE template [
  <!ENTITY middot "&#183;">
  <!ENTITY minus "&#8722;">
  <!ENTITY deg "&#176;">
  <!ENTITY parallel "&#8741;">
]>

<!--
===================================================================================
Name: MONASSIS Template
Description: Grade 10, Measurement, Medium: Area calcuations symbolically
Author: Leen Remmelzwaal 
Date: 31 Jan 2013
===================================================================================
-->

<template>
  <title>Effect of a constant factor on area</title>
  <logic language="text/python" href="main.py"/>
  <tags>
    <tag>subject:mathematics</tag>

    <tag>grade:10</tag>
    <tag>shortcode:EMAEU</tag>
    <tag>chapter:measurement</tag>
    <tag>section:the effect of multiplying a dimension by a factor of k</tag>

    <tag>grade:11</tag>
    <tag>shortcode:EMBJ4</tag>
    <tag>chapter:measurement</tag>
    <tag>section:multiplying a dimension by a constant factor</tag>

    <tag>difficulty:easy</tag>
    <tag>author:leen</tag>
  </tags>

  <content>

    <para>If the length of <valueof>dimension_wording</valueof> of a <valueof>shape_name</valueof> is <valueof>wording_scale</valueof>, what will the area of the new <valueof>shape_name</valueof> be?</para>
    
    <figure> 
      <media> 
	      <type>text/asciisvg</type> 
	      <src><valueof>shape_name.capitalize()</valueof>.ascsvg</src> 
	      <width>200</width>
	      <height>200</height> 
      </media>
    </figure>

    <response>

      <type>
        <value>choice.options(<valueof>choice_array</valueof>).ordered</value>
      </type>

      <marks>
        <value>3</value>
      </marks>

      <correct>
        <valueof>solution_i</valueof>
      </correct>

      <query>  	
        <input/> times the original shape's area
      </query>
      
      <solution>

        <step marks = '1'>

          <para>We recall from the textbook: </para>
          <para><latex>\rightarrow</latex> <emphasis effect="italics">When multiplied by a factor of <latex>k</latex>, then the area of a shape will increase by <latex>k^{2}.</latex></emphasis></para>

        </step>
	
         <step marks = '1'>
          <para>Now we can calculate <latex>k^{2}</latex>.</para>
          <para>
            <latex display="block">
        	    \begin{aligned}
	              k^{2} &amp; = \left( <valueof>question_k_latex</valueof> \right) ^2 = <valueof>question_correct_latex</valueof> \\
           	  \end{aligned}
          	</latex>
          </para>

          <para>Therefore, if <valueof>dimension_wording</valueof> of a <valueof>shape_name</valueof> is <valueof>wording_scale</valueof>, the area of the new <valueof>shape_name</valueof> will be <emphasis><valueof>choice_array[solution_i]</valueof></emphasis> times the original shape's area.</para>
        </step>

      </solution>
    </response>
    
  </content>
</template>
