<?xml version="1.0" encoding="utf-8"?>
<!DOCTYPE template [
  <!ENTITY middot "&#183;">
  <!ENTITY minus "&#8722;">
  <!ENTITY deg "&#176;">
  <!ENTITY parallel "&#8741;">
]>
<!--
===================================================================================
Name: MONASSIS Template
Description: algebra
Author: Kosma von Maltitz
Date: 23 Nov 2012
===================================================================================
-->

<template>
  <title>Adding vectors algebraically.</title>
  <logic language="text/python" href="algmethods_basic.py"/>
  <tags>
    <tag>shortcode:ESBKB</tag>
    <tag>subject:physics</tag>
    <tag>grade:11</tag>
    <tag>chapter:vectors in two dimensions</tag>    
    <tag>section:resultant of perpendicular vectors</tag>
    <tag>difficulty:basic</tag>
    <tag>author:kosma</tag>
  </tags>
  <content>           
    <para>
      A force of <unit_number><number><valueof>abs(F1)</valueof></number><unit>N</unit></unit_number> is applied to a <valueof>obj</valueof> pushing it towards the <valueof>F1direction</valueof>. Another force of <unit_number><number><valueof>abs(F2)</valueof></number><unit>N</unit></unit_number> is applied in the <valueof>direction</valueof>. What is the resultant force on the <valueof>obj</valueof>? Take to the right as the positive direction.
    </para>  
    <response>
      <type>
        <value>numeric.abserror(0.0)</value>
      </type>
      <marks>
        <value>2</value>
      </marks>
      <correct>
        <valueof>R</valueof>
      </correct>
      <query> 
        <latex>\vec{R} = </latex>  <input/> <unit>N</unit>
      </query>
      <solution>
        <step>
          <para> First we look at what information we are given and what is required from us. </para>
          <para><emphasis effect="underline">Given:</emphasis>
          <list list-type="bulleted">
            <item>A force pushing the <valueof>obj</valueof> to the <valueof>F1direction</valueof>: <latex>\vec{F}_{1} = <unit_number><number><valueof>F1</valueof></number><unit>N</unit></unit_number></latex></item>
            <item>A force pushing the <valueof>obj</valueof> to the <valueof>F2direction</valueof>: <latex>\vec{F}_{2} = <unit_number><number><valueof>F2</valueof></number><unit>N</unit></unit_number></latex></item>
          </list>
          <emphasis effect="underline">Required:</emphasis>
          <list list-type="bulleted">
            <item>A force pushing the <valueof>obj</valueof> to the <valueof>F1direction</valueof>: <latex>\vec{R}</latex></item>
          </list></para>
          <para>
            Drawing a rough sketch of the situation can help you to answer the question.
          </para>
          <figure> 
          <media>
            <type>text/asciisvg</type>
            <src>toandfro.ascsvg</src>
            <width><valueof>xpix</valueof></width>
            <height><valueof>ypix</valueof></height>
          </media>
          </figure>
        </step>
        <step>
          <para>
            To calculate the resultant force we now add the two forces.
          </para>
          <latex display="block">
            \begin{aligned}
              \vec{R} &amp; = (<unit_number><number><valueof>F1</valueof></number><unit>N</unit></unit_number>)+ (<unit_number><number><valueof>F2</valueof></number><unit>N</unit></unit_number>)\\
                      &amp; = <unit_number><number><valueof>F1</valueof></number><unit>N</unit></unit_number> <unit_number><number><valueof>'%+i'%F2</valueof></number><unit>N</unit></unit_number>\\
                      &amp; = <unit_number><number><valueof>R</valueof></number><unit>N</unit></unit_number> 
            \end{aligned}
          </latex>
          <para>
            The resultant force on the <valueof>obj</valueof> is <unit_number><number><valueof>abs(R)</valueof></number><unit>N</unit></unit_number> <valueof>text</valueof>.
          </para>
        </step>
      </solution>
    </response> 
  </content>
</template>


