<?xml version="1.0" encoding="utf-8"?>
<!DOCTYPE template [
  <!ENTITY middot "·">
  <!ENTITY minus "−">
  <!ENTITY deg "°">
  <!ENTITY parallel "∥">
]>

<!-- 
# ===================================================================================
# Name: MONASSIS Template
# Author: Leen
# Date: 22 Nov 2012
# ===================================================================================
-->

<template>

  <tags>

    <tag>shortcode:ESBPK</tag> 		<!-- Grade 11 (CAPS) -->
    <tag>shortcode:ESBHI</tag> 		<!-- Grade 11 (NCS) -->
    <tag>subject:physics</tag>
    <tag>grade:11</tag>
    <tag>chapter:electrostatics</tag>
		<tag>section:electric fields</tag>
    <tag>difficulty:medium</tag>
  </tags>

  <title>Coulomb’s law acting at right angles</title>

  <logic language="text/python" href="main.py"/>

  <content>

		<!-- ======================================= -->
		<!-- Content -->
		<!-- ======================================= -->
		
    <para>Given the following arrangement of charges, where the charges are as follows: 
		<ul>
		<li>
			<latex>Q_{A} = 
				<unit_number>
					<number> 
						<valueof>fn_rounde(charge_a)</valueof>
					</number>
					<unit>C</unit>
				</unit_number>
			</latex>
		</li>
		<li>
			<latex>Q_{B} = 
				<unit_number>
					<number> 
						<valueof>fn_rounde(charge_b)</valueof>
					</number>
					<unit>C</unit>
				</unit_number>
			</latex>
		</li>
		<li>
			<latex>Q_{C} = 
				<unit_number>
					<number> 
						<valueof>fn_rounde(charge_c)</valueof>
					</number>
					<unit>C</unit>
				</unit_number>
			</latex>
		</li>
		</ul>
		</para>

		<para>The distance between <latex>Q_{A}</latex> and <latex>Q_{B}</latex> is <latex><unit_number><number><valueof>distance_ab</valueof></number><unit>m</unit></unit_number></latex>, while the distance between <latex>Q_{B}</latex> and <latex>Q_{C}</latex> is <latex><unit_number><number><valueof>distance_bc</valueof></number><unit>m</unit></unit_number></latex>.</para>

		<para>
		  <figure>
		    <media>
					<type>text/asciisvg</type>
					<src>image_question.ascsvg</src>
					<width>400</width>
					<height>400</height>
		    </media>
		  </figure>
    </para>

		<para>Calculate the magnitude and bearing (relative to the positive x-axis) of the resultant force acting on <latex>Q_{B}</latex>.</para>

		<para>Write the magnitude correct to 3 significant figures. Write the bearing as a positive integer.</para>
		
		<!-- ======================================= -->
		<!-- Response -->
		<!-- ======================================= -->
		
		<response>
			
			<!-- =========================================================================================== -->
			<!-- Type (http://monassis.com/dev/doc/xml_reference.html#tag_response)--> 
			<!-- =========================================================================================== -->

			<!-- Choice -->
			<type>
				<value>numeric.noerror</value>
				<value>numeric.noerror</value>
			</type>

			<!-- =========================================================================================== -->
			<!-- Mark -->
			<!-- =========================================================================================== -->
			
			<marks>
					<value>3</value>
					<value>3</value>
			</marks>

			<!-- =========================================================================================== -->
			<!-- Correct Answer -->
			<!-- =========================================================================================== -->
			
			<correct>
				<valueof>fn_rounde(resultant_magnitude)</valueof>
				<valueof>fn_clean_float(resultant_bearing,0)</valueof>
			</correct>
			
			<!-- =========================================================================================== -->
			<!-- Query String -->
			<!-- =========================================================================================== -->

			<query>
				Magnitude = <input/>N, at a bearing of <input/>°
			</query>

			<!-- =========================================================================================== -->
			<!-- Revealed Solution -->
			<!-- =========================================================================================== -->
			
			<solution>

				<!-- Force Direction -->

				<step marks="1">

				<para><latex>Q_{A}</latex> and <latex>Q_{B}</latex> are <rawvalueof>words_force_ab</rawvalueof>. This force is shown below as <latex>F_{A}</latex>.</para>

				<para><latex>Q_{C}</latex> and <latex>Q_{B}</latex> are <rawvalueof>words_force_bc</rawvalueof>. This force is shown below as <latex>F_{C}</latex>.</para>

				</step>

				<!-- Force Magnitude -->

				<step marks="2">
				
				<para>Since we know the direction of the forces, we can <emphasis>ignore the signs</emphasis> of the charges. We will calculate the magnitude of the forces using <emphasis>positive</emphasis> charge values.</para>

				<para><latex>F_{A}</latex> can be calulated as follows:</para>

				<para>
					<latex display="block">
						\begin{aligned}
							F_{A} &= \frac{k Q_{A} Q_{B}}{r^2}\\
							&= \frac{(<number><coeff>9</coeff><exp>9</exp></number>)(<number><valueof>abs(charge_a)</valueof></number>)(<number><valueof>abs(charge_b)</valueof></number>)}{(<number><valueof>distance_ab</valueof></number>)^<number>2</number>} \\
							&= <unit_number><number><valueof>'%.4e'%(abs(force_ab))</valueof></number><unit>N</unit></unit_number>\\
						\end{aligned}
					</latex>
				</para>

				<para>Similarly, <latex>F_{C}</latex> can be calculated as follows:</para>

				<para>
					<latex display="block">
						\begin{aligned}
							F_{C} &= \frac{k Q_{B} Q_{C}}{r^2}\\
							&= \frac{(<number><coeff>9</coeff><exp>9</exp></number>)(<number><valueof>abs(charge_b)</valueof></number>)(<number><valueof>abs(charge_c)</valueof></number>)}{(<number><valueof>distance_bc</valueof></number>)^<number>2</number>} \\
							&= <unit_number><number><valueof>'%.4e'%(abs(force_bc))</valueof></number><unit>N</unit></unit_number>\\
						\end{aligned}
					</latex>
				</para>

				<para>These forces can be drawn as shown below:</para>

				<para>
					<figure>
						<media>
							<type>text/asciisvg</type>
							<src>image_forces.ascsvg</src>
							<width><valueof>400</valueof></width>
							<height><valueof>400</valueof></height>
						</media>
					</figure>
				</para>

				</step>

				<!-- Resultant Force Magnitude -->

				<step marks="1">

				<para>To calculate the magnitude of the resultant force, we can use Pythagoras:</para>

				<para>
					<latex display="block">
						\begin{aligned}
							F_{res} &= \sqrt{(F_{A})^2 + (F_{C})^2} \\
							&= \sqrt{(<number><valueof>'%.4e'%(abs(force_ab))</valueof></number>)^2 + (<number><valueof>'%.4e'%(abs(force_bc))</valueof></number>)^2} \\
							&= \sqrt{(<number><valueof>'%.4e'%(pow(force_ab,2))</valueof></number>) + (<number><valueof>'%.4e'%(pow(force_bc,2))</valueof></number>)} \\
							&= \sqrt{(<number><valueof>'%.4e'%(pow(force_ab,2)+pow(force_bc,2))</valueof></number>)} \\
							&= <unit_number><number><valueof>'%.4e'%(resultant_magnitude)</valueof></number><unit>N</unit></unit_number>\\
						\end{aligned}
					</latex>
				</para>

				</step>

				<!-- Resultant Force -->

				<step marks="2">

				<para>To calculate the bearing of the resultant force, we use trigonometry:</para>

				<para>
					<latex display="block">
						\begin{aligned}
							\tan(\theta) & = \frac{F_{A}}{F_{C}} \\
						\end{aligned}
					</latex>
				</para>

				<para>Rearranging to make <latex>\theta</latex> the subject:</para>

				<para>
					<latex display="block">
						\begin{aligned}
							\theta & = \tan^{-1} \left( \frac{F_{A}}{F_{C}} \right) \\
							& = \tan^{-1} \left( \frac{<number><valueof>'%.4e'%(abs(force_ab))</valueof></number>}{<number><valueof>'%.4e'%(abs(force_bc))</valueof></number>} \right) \\
							& = \tan^{-1} \left( <number><valueof>fn_clean_float(abs(force_ab)/abs(force_bc),4)</valueof></number>... \right) \\
							& = <number><valueof>fn_clean_float(math.degrees(math.atan(abs(force_ab)/abs(force_bc))))</valueof></number>^{\circ} \\
						\end{aligned}
					</latex>
				</para>		

				<para>Taking into account the <emphasis>quadrant</emphasis> the resultant lies in, we can calculate the bearing of the resultant force <emphasis>relative to the positive x-axis</emphasis>:</para>

				<para>
					<latex display="block">
						\begin{aligned}
							\theta = <number><valueof>fn_clean_float(resultant_bearing)</valueof></number>^{\circ} \leftarrow \textrm{relative to the positive x-axis}\\
						\end{aligned}
					</latex>
				</para>		

				<para>
					<figure>
						<media>
							<type>text/asciisvg</type>
							<src>image_solution.ascsvg</src>
							<width><valueof>400</valueof></width>
							<height><valueof>400</valueof></height>
						</media>
					</figure>
				</para>

				</step>

			</solution>

    </response>

	</content>

</template>
